,Miraflores,San Juan de Miraflores
nodos / km²,406.621,413.645
intersecciones / km²,340.562,376.618
km de vía / km²,28.541,29.199
longitud media de arista (m),47.15,46.441
% calles sin salida (grado 1),14.606,8.382
% longitud arterial,25.839,17.596
% longitud local,46.941,61.203
% longitud peatonal,27.065,16.346
% longitud escaleras,0.155,4.855
% con algún tramo de escalera,1.06,5.758
entropía H (nats),3.413,3.522
índice de orden φ,0.149,0.055
POI educacion / km²,6.669,12.871
POI mercados / km²,3.176,2.311
POI salud / km²,3.176,1.088
% del área sin red (celdas de 100 m),3.496,6.806
